{"theta0": 8443.253238514633, "theta1": -0.021501551982414446}